K,coherence_cv,train_sec
20,0.4528723750770374,22.2
25,0.44938359129452293,23.1
10,0.43414993930222384,21.8
15,0.4301793064293085,22.3
