K,coherence_cv,train_sec
10,0.4684897694326938,23.0
15,0.4522318478888295,23.9
25,0.4477963734854589,23.6
20,0.44192391912425155,23.4
