K,coherence_cv,train_sec
10,0.49146959765380593,23.4
20,0.49003174992426074,24.8
5,0.46230613849841246,22.8
15,0.4549073103602898,23.9
